{"no_name": 0.6825000000000002, "player123": 0.4568000000000005, "aedX": 0.3354000000000004, "qwe123": 0.299200000000003, "new_user": 0.002}