{"player123": 0.9048000000000004, "no_name": 0.6825000000000002, "aedX": 0.3354000000000004, "qwe123": 0.299200000000003, "new_user": 0.002}